Round,PlayerId,Position:Y,Position:X,Speed,State,Boosting,Boost-Counter,Damage,#Boosts,#Oil,#Lizards,LastCyberTruck:Y,LastCyberTruck:X,#Tweets,#EMPs,Score
1,2,4,1,5,READY,false,0,0,0,0,0,,,0,0,0
2,2,4,7,6,ACCELERATING,false,0,0,0,0,0,,,0,0,0
3,2,4,15,8,ACCELERATING,false,0,0,0,0,1,,,0,0,4
4,2,4,23,8,USED_LIZARD,false,0,0,0,0,0,,,0,0,4
5,2,4,32,9,ACCELERATING,false,0,0,0,0,0,,,0,0,4
6,2,4,41,9,ACCELERATING,false,0,0,0,0,1,,,0,0,8
7,2,4,50,9,USED_LIZARD,false,0,0,0,0,0,,,0,0,8
8,2,4,59,9,ACCELERATING,false,0,0,1,0,0,,,0,1,16
9,2,4,74,3,HIT_WALL,false,0,3,0,0,0,,,0,1,12
10,2,4,80,6,ACCELERATING,false,0,3,0,0,0,,,0,1,12
11,2,4,86,6,ACCELERATING,false,0,3,0,0,0,,,1,1,16
12,2,4,92,3,HIT_MUD,false,0,4,1,0,0,,,1,1,17
13,2,4,95,0,HIT_MUD,false,0,5,1,0,0,,,1,1,14
14,2,4,95,0,FIXED_CAR,false,0,3,1,0,0,,,1,1,14
15,2,4,98,3,ACCELERATING,false,0,3,1,0,0,,,1,1,14
16,2,4,104,3,HIT_MUD,false,0,4,1,0,0,,,1,1,11
17,2,4,107,3,ACCELERATING,false,0,4,1,0,0,,,1,1,11
18,2,4,110,0,HIT_WALL,false,0,5,1,0,0,,,1,1,6
19,2,4,110,0,FIXED_CAR,false,0,3,1,0,0,,,1,1,6
20,2,4,113,3,ACCELERATING,false,0,3,1,0,0,,,1,1,6
21,2,4,119,6,ACCELERATING,false,0,3,1,0,0,,,1,1,6
22,2,4,125,0,HIT_WALL,false,0,5,0,0,0,,,1,1,5
23,2,4,125,0,FIXED_CAR,false,0,3,0,0,0,,,1,1,5
24,2,4,128,3,ACCELERATING,false,0,3,0,0,1,,,1,1,9
25,2,4,134,6,ACCELERATING,false,0,3,0,0,1,,,1,2,13
26,2,4,140,6,ACCELERATING,false,0,3,0,0,1,,,1,2,13
27,2,4,146,6,ACCELERATING,false,0,3,1,0,1,,,1,2,17
28,2,4,152,6,USED_BOOST,true,5,3,0,0,1,,,1,2,21
29,2,4,158,6,ACCELERATING,true,4,3,0,0,1,,,1,2,21
30,2,4,164,6,ACCELERATING,true,3,3,0,0,1,,,1,2,21
31,2,4,170,6,ACCELERATING,true,2,3,0,0,1,,,1,2,21
32,2,4,176,6,ACCELERATING,true,1,3,1,0,1,,,2,2,29
33,2,4,182,6,USED_BOOST,true,5,3,0,0,1,,,2,2,33
34,2,4,188,6,ACCELERATING,true,4,3,0,0,1,,,2,2,33
35,2,4,194,6,ACCELERATING,true,3,3,0,0,1,,,2,3,37
36,2,4,200,6,ACCELERATING,true,2,3,0,0,1,,,2,3,37
37,2,4,206,6,ACCELERATING,true,1,3,0,0,1,,,2,3,37
38,2,4,212,6,USED_LIZARD,false,0,3,0,0,0,,,2,3,37
39,2,4,218,0,HIT_WALL,false,0,5,0,0,0,,,2,3,29
40,2,4,218,0,FIXED_CAR,false,0,3,0,0,0,,,2,3,29
41,2,4,221,3,ACCELERATING,false,0,3,0,0,0,,,2,3,29
42,2,4,227,6,ACCELERATING,false,0,3,0,0,0,,,2,3,29
43,2,4,233,3,HIT_MUD,false,0,4,0,0,0,,,2,3,26
44,2,4,236,3,ACCELERATING,false,0,4,0,0,0,,,2,3,26
45,2,4,239,3,ACCELERATING,false,0,4,0,0,0,,,2,3,26
46,2,4,242,3,ACCELERATING,false,0,4,0,0,0,,,2,3,26
47,2,4,245,3,ACCELERATING,false,0,4,0,0,0,,,2,3,26
48,2,4,248,3,ACCELERATING,false,0,4,0,0,0,,,2,3,26
49,2,4,251,3,ACCELERATING,false,0,4,0,0,0,,,2,3,26
50,2,4,254,3,ACCELERATING,false,0,4,0,0,0,,,2,3,26
51,2,4,257,3,ACCELERATING,false,0,4,0,0,0,,,2,3,26
52,2,4,260,0,HIT_MUD,false,0,5,0,0,0,,,2,3,17
53,2,4,260,0,FIXED_CAR,false,0,3,0,0,0,,,2,3,17
54,2,4,263,3,ACCELERATING,false,0,3,0,0,0,,,2,3,17
55,2,4,269,6,ACCELERATING,false,0,3,0,0,0,,,2,3,17
56,2,4,275,6,ACCELERATING,false,0,3,0,0,0,,,2,3,17
57,2,4,281,6,ACCELERATING,false,0,3,0,0,0,,,2,3,17
58,2,4,287,6,ACCELERATING,false,0,3,0,1,0,,,2,3,21
59,2,4,293,6,ACCELERATING,false,0,3,0,1,0,,,2,3,21
60,2,4,299,6,ACCELERATING,false,0,3,0,1,0,,,2,3,21
61,2,4,305,6,ACCELERATING,false,0,3,1,1,0,,,2,3,25
62,2,4,311,6,USED_BOOST,true,5,3,0,1,0,,,2,3,29
63,2,4,317,6,ACCELERATING,true,4,3,0,1,0,,,2,3,29
64,2,4,323,0,HIT_MUD,false,0,5,0,1,0,,,2,3,23
65,2,4,323,0,FIXED_CAR,false,0,3,0,1,0,,,2,3,23
66,2,4,326,3,ACCELERATING,false,0,3,0,1,0,,,2,3,23
67,2,4,332,3,HIT_MUD,false,0,4,1,1,0,,,2,3,24
68,2,4,335,3,ACCELERATING,false,0,4,1,1,0,,,2,3,24
69,2,4,338,3,ACCELERATING,false,0,4,1,1,0,,,2,3,24
70,2,4,341,0,HIT_MUD,false,0,5,1,1,0,,,2,3,21
71,2,4,341,0,FIXED_CAR,false,0,3,1,1,0,,,2,3,21
72,2,4,344,3,ACCELERATING,false,0,3,2,1,0,,,2,4,29
73,2,4,350,3,HIT_MUD,false,0,4,2,1,0,,,2,4,26
74,2,4,353,3,ACCELERATING,false,0,4,2,1,0,,,2,4,26
75,2,4,356,3,ACCELERATING,false,0,4,2,1,0,,,2,4,26
76,2,4,359,3,ACCELERATING,false,0,4,2,1,0,,,2,4,26
77,2,4,362,0,HIT_MUD,false,0,5,2,1,0,,,2,4,23
78,2,4,362,0,FIXED_CAR,false,0,3,2,1,0,,,2,4,23
79,2,4,365,0,HIT_MUD,false,0,5,2,1,0,,,2,4,17
80,2,4,365,0,FIXED_CAR,false,0,3,2,1,0,,,2,4,17
81,2,4,368,3,ACCELERATING,false,0,3,2,1,0,,,3,4,21
82,2,4,374,6,ACCELERATING,false,0,3,2,1,0,,,3,4,21
83,2,4,380,6,USED_BOOST,true,5,3,2,1,0,,,4,4,33
84,2,4,386,3,HIT_MUD,false,0,4,1,1,0,,,4,4,34
85,2,4,389,3,ACCELERATING,false,0,4,1,1,0,,,4,4,34
86,2,4,392,3,ACCELERATING,false,0,4,1,1,0,,,4,4,34
87,2,4,395,0,HIT_MUD,false,0,5,1,1,0,,,4,4,31
88,2,4,395,0,FIXED_CAR,false,0,3,1,1,0,,,4,4,31
89,2,4,398,3,ACCELERATING,false,0,3,2,1,0,,,4,4,35
90,2,4,404,6,ACCELERATING,false,0,3,2,1,0,,,4,4,35
91,2,4,410,3,HIT_MUD,false,0,4,1,1,0,,,5,4,40
92,2,4,413,3,ACCELERATING,false,0,4,1,1,0,,,5,4,40
93,2,4,416,3,ACCELERATING,false,0,4,1,1,0,,,5,4,40
94,2,4,419,3,ACCELERATING,false,0,4,1,1,0,,,5,4,40
95,2,4,422,0,HIT_MUD,false,0,5,1,1,0,,,5,4,37
96,2,4,422,0,FIXED_CAR,false,0,3,1,1,0,,,5,4,37
97,2,4,425,3,ACCELERATING,false,0,3,1,1,0,,,5,4,37
98,2,4,431,6,ACCELERATING,false,0,3,1,1,0,,,5,4,37
99,2,4,437,6,USED_BOOST,true,5,3,1,1,0,,,5,4,45
100,2,4,443,6,USED_BOOST,true,5,3,0,1,0,,,5,4,49
101,2,4,449,6,ACCELERATING,true,4,3,0,1,0,,,5,4,49
102,2,4,455,6,ACCELERATING,true,3,3,0,1,0,,,5,4,49
103,2,4,461,3,HIT_MUD,false,0,4,0,1,0,,,5,4,46
104,2,4,464,0,HIT_MUD,false,0,5,0,1,0,,,5,4,43
105,2,4,464,0,FIXED_CAR,false,0,3,0,1,0,,,5,4,43
106,2,4,467,3,ACCELERATING,false,0,3,0,1,0,,,5,4,43
107,2,4,473,6,ACCELERATING,false,0,3,0,1,0,,,5,4,43
108,2,4,479,6,ACCELERATING,false,0,3,0,1,0,,,6,4,47
109,2,4,485,6,ACCELERATING,false,0,3,0,1,0,,,6,4,47
110,2,4,491,6,ACCELERATING,false,0,3,1,1,0,,,6,4,51
111,2,4,497,6,USED_BOOST,true,5,3,0,1,0,,,6,4,55
112,2,4,503,6,ACCELERATING,true,4,3,0,1,0,,,6,4,55
113,2,4,509,0,HIT_MUD,false,0,5,0,1,0,,,6,4,46
114,2,4,509,0,FIXED_CAR,false,0,3,0,1,0,,,6,4,46
115,2,4,512,3,ACCELERATING,false,0,3,1,1,0,,,6,4,50
116,2,4,518,6,ACCELERATING,false,0,3,1,1,0,,,6,4,50
117,2,4,524,6,USED_BOOST,true,5,3,0,1,1,,,6,4,58
118,2,4,530,6,ACCELERATING,true,4,3,0,1,1,,,6,4,58
119,2,4,536,6,ACCELERATING,true,3,3,0,1,1,,,6,4,58
120,2,4,542,6,ACCELERATING,true,2,3,0,1,1,,,6,4,58
121,2,4,548,6,ACCELERATING,true,1,3,0,1,1,,,7,4,62
122,2,4,554,6,USED_LIZARD,false,0,3,0,1,0,,,7,4,62
123,2,4,560,6,ACCELERATING,false,0,3,0,1,0,,,7,4,62
124,2,4,566,3,HIT_MUD,false,0,4,1,1,0,,,7,4,63
125,2,4,569,3,ACCELERATING,false,0,4,1,1,0,,,7,4,63
126,2,4,572,3,ACCELERATING,false,0,4,1,1,0,,,8,4,67
127,2,4,575,3,ACCELERATING,false,0,4,1,1,0,,,8,4,67
128,2,4,578,3,ACCELERATING,false,0,4,1,1,0,,,8,4,67
129,2,4,581,3,ACCELERATING,false,0,4,1,1,0,,,8,4,67
130,2,4,584,3,ACCELERATING,false,0,4,1,1,0,,,8,4,67
131,2,4,587,0,HIT_WALL,false,0,5,1,1,0,,,8,4,62
132,2,4,587,0,FIXED_CAR,false,0,3,1,1,0,,,8,4,62
133,2,4,590,3,HIT_MUD,false,0,4,1,1,0,,,8,4,59
134,2,4,593,0,HIT_WALL,false,0,5,2,1,0,,,8,4,58
135,2,4,593,0,FIXED_CAR,false,0,3,2,1,0,,,8,4,58
136,2,4,596,3,ACCELERATING,false,0,3,3,1,0,,,8,4,62
137,2,4,602,6,ACCELERATING,false,0,3,3,1,0,,,8,4,62
138,2,4,608,6,USED_BOOST,true,5,3,2,1,0,,,8,4,66
139,2,4,614,3,HIT_MUD,false,0,4,1,1,1,,,8,4,71
140,2,4,617,3,ACCELERATING,false,0,4,1,2,1,,,8,4,75
141,2,4,620,3,ACCELERATING,false,0,4,1,2,1,,,8,4,75
142,2,4,623,3,ACCELERATING,false,0,4,1,2,1,,,8,4,75
143,2,4,626,3,ACCELERATING,false,0,4,1,2,1,,,8,4,75
144,2,4,629,3,ACCELERATING,false,0,4,1,2,1,,,8,4,75
145,2,4,632,3,ACCELERATING,false,0,4,1,2,1,,,8,4,75
146,2,4,635,3,ACCELERATING,false,0,4,1,2,1,,,8,4,75
147,2,4,638,3,ACCELERATING,false,0,4,1,2,1,,,8,4,75
148,2,4,641,3,ACCELERATING,false,0,4,1,2,1,,,8,4,75
149,2,4,644,3,ACCELERATING,false,0,4,1,2,1,,,8,4,75
150,2,4,647,3,ACCELERATING,false,0,4,1,2,1,,,8,4,75
151,2,4,650,0,HIT_MUD,false,0,5,1,2,1,,,8,4,72
152,2,4,650,0,FIXED_CAR,false,0,3,1,2,1,,,8,4,72
153,2,4,653,0,HIT_WALL,false,0,5,1,2,1,,,8,4,67
154,2,4,653,0,FIXED_CAR,false,0,3,1,2,1,,,8,4,67
155,2,4,656,3,ACCELERATING,false,0,3,1,2,1,,,8,4,67
156,2,4,662,0,HIT_WALL,false,0,5,1,2,1,,,8,4,62
157,2,4,662,0,FIXED_CAR,false,0,3,1,2,1,,,8,4,62
158,2,4,665,3,ACCELERATING,false,0,3,1,2,1,,,8,4,62
159,2,4,671,6,ACCELERATING,false,0,3,1,2,1,,,8,5,66
160,2,4,677,6,USED_LIZARD,false,0,3,1,2,0,,,8,5,66
161,2,4,683,3,HIT_MUD,false,0,4,0,2,1,,,8,6,75
162,2,4,686,3,ACCELERATING,false,0,4,0,2,1,,,8,6,75
163,2,4,689,0,HIT_MUD,false,0,5,0,2,1,,,8,6,72
164,2,4,689,0,FIXED_CAR,false,0,3,0,2,1,,,8,6,72
165,2,4,692,3,ACCELERATING,false,0,3,0,2,1,,,9,6,76
166,2,4,698,6,ACCELERATING,false,0,3,0,2,1,,,9,6,76
167,2,4,704,6,ACCELERATING,false,0,3,0,2,1,,,9,6,76
168,2,4,710,6,ACCELERATING,false,0,3,0,2,1,,,9,6,76
169,2,4,716,6,ACCELERATING,false,0,3,0,3,1,,,9,6,80
170,2,4,722,6,USED_LIZARD,false,0,3,0,3,0,,,9,6,80
171,2,4,728,3,HIT_MUD,false,0,4,0,3,0,,,9,6,77
172,2,4,731,3,ACCELERATING,false,0,4,0,3,0,,,9,6,77
173,2,4,734,3,ACCELERATING,false,0,4,0,3,0,,,9,6,77
174,2,4,737,3,ACCELERATING,false,0,4,0,3,0,,,9,6,77
175,2,4,740,0,HIT_MUD,false,0,5,0,3,0,,,9,6,74
176,2,4,740,0,FIXED_CAR,false,0,3,0,3,0,,,9,6,74
177,2,4,743,3,ACCELERATING,false,0,3,0,3,0,,,9,6,74
178,2,4,749,6,ACCELERATING,false,0,3,0,3,0,,,9,6,74
179,2,4,755,6,ACCELERATING,false,0,3,0,3,0,,,9,6,74
180,2,4,761,6,ACCELERATING,false,0,3,0,3,0,,,9,6,74
181,2,4,767,6,ACCELERATING,false,0,3,0,3,0,,,9,6,74
182,2,4,773,6,ACCELERATING,false,0,3,0,3,0,,,9,6,74
183,2,4,779,6,ACCELERATING,false,0,3,0,3,0,,,9,6,74
184,2,4,785,6,ACCELERATING,false,0,3,0,3,0,,,9,6,74
185,2,4,791,6,ACCELERATING,false,0,3,1,3,0,,,9,6,78
186,2,4,797,6,USED_BOOST,true,5,3,0,3,0,,,9,6,82
187,2,4,803,6,ACCELERATING,true,4,3,1,3,0,,,9,6,86
188,2,4,809,6,USED_BOOST,true,5,3,0,3,0,,,9,6,90
189,2,4,815,0,HIT_WALL,false,0,5,0,3,1,,,9,6,89
190,2,4,815,0,FIXED_CAR,false,0,3,0,3,1,,,9,6,89
191,2,4,818,3,ACCELERATING,false,0,3,0,3,1,,,9,6,89
192,2,4,824,6,ACCELERATING,false,0,3,0,3,1,,,9,6,89
193,2,4,830,6,ACCELERATING,false,0,3,0,3,1,,,9,6,89
194,2,4,836,0,HIT_WALL,false,0,5,0,3,2,,,9,6,88
195,2,4,836,0,FIXED_CAR,false,0,3,0,3,2,,,9,6,88
196,2,4,839,3,ACCELERATING,false,0,3,0,3,2,,,9,6,88
197,2,4,845,6,ACCELERATING,false,0,3,0,3,2,,,9,6,88
198,2,4,851,6,ACCELERATING,false,0,3,0,3,2,,,9,6,88
199,2,4,857,0,HIT_WALL,false,0,5,0,3,2,,,9,6,83
200,2,4,857,0,FIXED_CAR,false,0,3,0,3,2,,,9,6,83
201,2,4,860,3,ACCELERATING,false,0,3,0,3,2,,,9,6,83
202,2,4,866,3,HIT_MUD,false,0,4,0,3,2,,,9,6,80
203,2,4,869,3,ACCELERATING,false,0,4,0,3,2,,,9,6,80
204,2,4,872,3,ACCELERATING,false,0,4,0,3,2,,,9,6,80
205,2,4,875,3,ACCELERATING,false,0,4,0,3,2,,,9,6,80
206,2,4,878,3,ACCELERATING,false,0,4,0,3,2,,,9,6,80
207,2,4,881,3,ACCELERATING,false,0,4,0,3,2,,,9,6,80
208,2,4,884,3,ACCELERATING,false,0,4,0,3,2,,,9,6,80
209,2,4,887,3,ACCELERATING,false,0,4,1,3,2,,,9,6,84
210,2,4,890,3,ACCELERATING,false,0,4,1,3,2,,,10,6,88
211,2,4,893,0,HIT_MUD,false,0,5,1,3,2,,,10,6,85
212,2,4,893,0,FIXED_CAR,false,0,3,1,3,2,,,10,6,85
213,2,4,896,3,ACCELERATING,false,0,3,1,3,2,,,10,6,85
214,2,4,902,3,HIT_MUD,false,0,4,1,3,2,,,10,6,82
215,2,4,905,3,ACCELERATING,false,0,4,1,3,2,,,10,6,82
216,2,4,908,3,ACCELERATING,false,0,4,1,3,2,,,10,6,82
217,2,4,911,0,HIT_WALL,false,0,5,1,3,2,,,10,6,77
218,2,4,911,0,FIXED_CAR,false,0,3,1,3,2,,,10,6,77
219,2,4,914,3,ACCELERATING,false,0,3,1,3,2,,,10,6,77
220,2,4,920,6,ACCELERATING,false,0,3,1,3,2,,,10,6,77
221,2,4,926,6,USED_BOOST,true,5,3,0,4,2,,,10,6,85
222,2,4,932,3,HIT_MUD,false,0,4,0,4,1,,,10,6,82
223,2,4,935,3,ACCELERATING,false,0,4,0,4,1,,,10,7,86
224,2,4,938,3,ACCELERATING,false,0,4,0,4,1,,,10,7,86
225,2,4,941,3,ACCELERATING,false,0,4,0,4,1,,,10,7,86
226,2,4,944,3,ACCELERATING,false,0,4,0,4,1,,,10,7,86
227,2,4,947,3,ACCELERATING,false,0,4,0,4,1,,,10,7,86
228,2,4,950,3,ACCELERATING,false,0,4,0,4,1,,,10,7,86
229,2,4,953,3,ACCELERATING,false,0,4,0,4,1,,,10,7,86
230,2,4,956,3,ACCELERATING,false,0,4,0,4,1,,,10,7,86
231,2,4,959,3,ACCELERATING,false,0,4,0,4,1,,,10,7,86
232,2,4,962,3,ACCELERATING,false,0,4,0,4,1,,,10,7,86
233,2,4,965,0,HIT_MUD,false,0,5,0,4,1,,,10,7,78
234,2,4,965,0,FIXED_CAR,false,0,3,0,4,1,,,10,7,78
235,2,4,968,3,ACCELERATING,false,0,3,0,4,1,,,11,7,82
236,2,4,974,6,ACCELERATING,false,0,3,0,4,1,,,11,7,82
237,2,4,980,6,USED_LIZARD,false,0,3,0,4,0,,,11,7,82
238,2,4,986,6,ACCELERATING,false,0,3,0,4,0,,,11,7,82
239,2,4,992,3,HIT_MUD,false,0,4,0,4,0,,,12,7,83
240,2,4,995,0,HIT_WALL,false,0,5,0,4,0,,,12,7,78
241,2,4,995,0,FIXED_CAR,false,0,3,0,4,0,,,12,7,78
242,2,4,998,3,ACCELERATING,false,0,3,0,4,0,,,12,7,78
243,2,4,1004,6,ACCELERATING,false,0,3,0,4,0,,,12,7,78
244,2,4,1010,6,ACCELERATING,false,0,3,0,4,0,,,12,7,78
245,2,4,1016,6,ACCELERATING,false,0,3,0,4,0,,,13,7,82
246,2,4,1022,0,HIT_MUD,false,0,5,0,4,0,,,13,7,73
247,2,4,1022,0,FIXED_CAR,false,0,3,0,4,0,,,13,7,73
248,2,4,1025,3,HIT_MUD,false,0,4,0,4,0,,,13,7,70
249,2,4,1028,3,ACCELERATING,false,0,4,0,4,0,,,13,7,70
250,2,4,1031,3,ACCELERATING,false,0,4,0,4,0,,,13,7,70
251,2,4,1034,0,HIT_MUD,false,0,5,0,4,0,,,13,7,64
252,2,4,1034,0,FIXED_CAR,false,0,3,0,4,0,,,13,7,64
253,2,4,1037,3,ACCELERATING,false,0,3,0,4,0,,,13,7,64
254,2,4,1043,3,HIT_MUD,false,0,4,0,4,0,,,13,7,61
255,2,4,1046,3,ACCELERATING,false,0,4,0,5,0,,,13,7,65
256,2,4,1049,0,HIT_MUD,false,0,5,0,5,0,,,13,7,62
257,2,4,1049,0,FIXED_CAR,false,0,3,0,5,0,,,13,7,62
258,2,4,1052,3,ACCELERATING,false,0,3,0,5,0,,,13,7,62
259,2,4,1058,6,ACCELERATING,false,0,3,0,5,0,,,13,7,62
260,2,4,1064,6,ACCELERATING,false,0,3,0,5,0,,,13,7,62
261,2,4,1070,3,HIT_MUD,false,0,4,0,5,0,,,13,7,59
262,2,4,1073,3,ACCELERATING,false,0,4,0,5,0,,,13,7,59
263,2,4,1076,3,ACCELERATING,false,0,4,0,5,0,,,13,7,59
264,2,4,1079,0,HIT_MUD,false,0,5,0,5,0,,,13,7,56
265,2,4,1079,0,FIXED_CAR,false,0,3,0,5,0,,,13,7,56
266,2,4,1082,3,ACCELERATING,false,0,3,0,5,0,,,13,7,56
267,2,4,1088,6,ACCELERATING,false,0,3,0,5,0,,,13,7,56
268,2,4,1094,3,HIT_MUD,false,0,4,0,5,1,,,13,7,57
269,2,4,1097,3,ACCELERATING,false,0,4,0,5,1,,,13,7,57
270,2,4,1100,0,HIT_MUD,false,0,5,0,6,1,,,13,7,58
271,2,4,1100,0,FIXED_CAR,false,0,3,0,6,1,,,13,7,58
272,2,4,1103,3,ACCELERATING,false,0,3,0,6,1,,,13,7,58
273,2,4,1109,3,HIT_MUD,false,0,4,0,6,1,,,13,7,55
274,2,4,1112,3,ACCELERATING,false,0,4,0,6,1,,,13,7,55
275,2,4,1115,3,ACCELERATING,false,0,4,0,6,1,,,13,7,55
276,2,4,1118,3,ACCELERATING,false,0,4,0,6,1,,,13,7,55
277,2,4,1121,0,HIT_MUD,false,0,5,0,6,1,,,13,7,52
278,2,4,1121,0,FIXED_CAR,false,0,3,0,6,1,,,13,7,52
279,2,4,1124,3,ACCELERATING,false,0,3,0,6,1,,,13,7,52
280,2,4,1130,3,HIT_MUD,false,0,4,0,6,1,,,13,7,49
281,2,4,1133,3,ACCELERATING,false,0,4,0,6,1,,,13,7,49
282,2,4,1136,0,HIT_MUD,false,0,5,0,6,1,,,13,7,46
283,2,4,1136,0,FIXED_CAR,false,0,3,0,6,1,,,13,7,46
284,2,4,1139,3,ACCELERATING,false,0,3,0,6,1,,,13,7,46
285,2,4,1145,6,ACCELERATING,false,0,3,0,6,1,,,13,7,46
286,2,4,1151,6,ACCELERATING,false,0,3,0,6,1,,,14,7,50
287,2,4,1157,6,ACCELERATING,false,0,3,0,6,1,,,14,7,50
288,2,4,1163,6,ACCELERATING,false,0,3,0,6,1,,,14,7,50
289,2,4,1169,6,ACCELERATING,false,0,3,0,6,1,,,14,7,50
290,2,4,1175,6,ACCELERATING,false,0,3,0,6,1,,,14,7,50
291,2,4,1181,6,ACCELERATING,false,0,3,0,6,1,,,14,7,50
292,2,4,1187,6,USED_LIZARD,false,0,3,0,6,0,,,14,7,50
293,2,4,1193,6,ACCELERATING,false,0,3,0,6,0,,,14,7,50
294,2,4,1199,6,ACCELERATING,false,0,3,0,6,0,,,14,7,50
295,2,4,1205,6,ACCELERATING,false,0,3,0,6,0,,,14,7,50
296,2,4,1211,6,ACCELERATING,false,0,3,0,6,0,,,14,7,50
297,2,4,1217,0,HIT_WALL,false,0,5,0,6,0,,,14,7,40
298,2,4,1217,0,FIXED_CAR,false,0,3,0,6,0,,,14,7,40
299,2,4,1220,3,ACCELERATING,false,0,3,0,6,0,,,14,7,40
300,2,4,1226,3,HIT_MUD,false,0,4,0,6,0,,,14,7,37
301,2,4,1229,0,HIT_MUD,false,0,5,0,6,0,,,14,7,34
302,2,4,1229,0,FIXED_CAR,false,0,3,0,6,0,,,14,7,34
303,2,4,1232,3,ACCELERATING,false,0,3,0,6,0,,,14,7,34
304,2,4,1238,3,HIT_MUD,false,0,4,0,6,0,,,14,7,31
305,2,4,1241,0,HIT_MUD,false,0,5,0,6,0,,,14,7,28
306,2,4,1241,0,FIXED_CAR,false,0,3,0,6,0,,,14,7,28
307,2,4,1244,3,ACCELERATING,false,0,3,1,6,0,,,14,7,32
308,2,4,1250,3,HIT_MUD,false,0,4,1,6,0,,,14,7,29
309,2,4,1253,3,ACCELERATING,false,0,4,2,6,0,,,14,7,33
310,2,4,1256,0,HIT_WALL,false,0,5,2,6,0,,,14,7,28
311,2,4,1256,0,FIXED_CAR,false,0,3,2,6,0,,,14,7,28
312,2,4,1259,3,ACCELERATING,false,0,3,2,6,0,,,14,7,28
313,2,4,1265,6,ACCELERATING,false,0,3,2,6,1,,,14,7,32
314,2,4,1271,6,USED_BOOST,true,5,3,2,6,1,,,14,8,44
315,2,4,1277,6,USED_LIZARD,true,4,3,2,6,0,,,14,8,44
316,2,4,1283,6,USED_BOOST,true,5,3,1,6,1,,,14,8,52
317,2,4,1289,6,USED_BOOST,true,5,3,1,7,1,,,14,8,64
318,2,4,1295,3,HIT_MUD,false,0,4,1,7,0,,,14,8,61
319,2,4,1298,3,ACCELERATING,false,0,4,1,7,0,,,14,8,61
320,2,4,1301,3,ACCELERATING,false,0,4,1,7,0,,,14,8,61
321,2,4,1304,3,ACCELERATING,false,0,4,1,7,0,,,14,9,65
322,2,4,1307,3,ACCELERATING,false,0,4,1,7,0,,,14,9,65
323,2,4,1310,0,HIT_MUD,false,0,5,1,7,0,,,14,9,62
324,2,4,1310,0,FIXED_CAR,false,0,3,1,7,0,,,14,9,62
325,2,4,1313,3,ACCELERATING,false,0,3,1,7,0,,,14,9,62
326,2,4,1319,6,ACCELERATING,false,0,3,1,7,0,,,14,9,62
327,2,4,1325,6,USED_BOOST,true,5,3,0,7,0,,,14,9,66
328,2,4,1331,6,ACCELERATING,true,4,3,0,7,1,,,14,9,70
329,2,4,1337,6,USED_LIZARD,true,3,3,0,7,0,,,14,9,70
330,2,4,1343,0,HIT_WALL,false,0,5,0,7,0,,,14,9,62
331,2,4,1343,0,FIXED_CAR,false,0,3,0,7,0,,,14,9,62
332,2,4,1346,3,HIT_MUD,false,0,4,0,7,0,,,14,9,59
333,2,4,1349,0,HIT_MUD,false,0,5,0,7,0,,,14,9,50
334,2,4,1349,0,FIXED_CAR,false,0,3,0,7,0,,,14,9,50
335,2,4,1352,3,ACCELERATING,false,0,3,0,7,0,,,14,9,50
336,2,4,1358,3,HIT_MUD,false,0,4,0,7,0,,,14,9,47
337,2,4,1361,0,HIT_MUD,false,0,5,0,7,0,,,14,9,44
338,2,4,1361,0,FIXED_CAR,false,0,3,0,7,0,,,14,9,44
339,2,4,1364,3,ACCELERATING,false,0,3,0,7,0,,,14,9,44
340,2,4,1370,3,HIT_MUD,false,0,4,0,7,0,,,14,9,41
341,2,4,1373,3,ACCELERATING,false,0,4,0,7,0,,,14,9,41
342,2,4,1376,3,ACCELERATING,false,0,4,0,8,0,,,14,9,45
343,2,4,1379,3,ACCELERATING,false,0,4,0,8,0,,,14,9,45
344,2,4,1382,0,HIT_WALL,false,0,5,0,8,0,,,14,9,40
345,2,4,1382,0,FIXED_CAR,false,0,3,0,8,0,,,14,9,40
346,2,4,1385,3,ACCELERATING,false,0,3,0,8,0,,,14,9,40
347,2,4,1391,6,ACCELERATING,false,0,3,0,8,0,,,14,9,40
348,2,4,1397,6,ACCELERATING,false,0,3,0,8,0,,,14,9,40
349,2,4,1403,0,HIT_WALL,false,0,5,0,8,0,,,14,9,35
350,2,4,1403,0,FIXED_CAR,false,0,3,0,8,0,,,14,9,35
351,2,4,1406,3,ACCELERATING,false,0,3,0,8,0,,,14,9,35
352,2,4,1412,3,HIT_MUD,false,0,4,0,8,0,,,14,9,32
353,2,4,1415,3,ACCELERATING,false,0,4,0,8,0,,,14,9,32
354,2,4,1418,0,HIT_MUD,false,0,5,0,8,0,,,14,9,29
355,2,4,1418,0,FIXED_CAR,false,0,3,0,8,0,,,14,9,29
356,2,4,1421,3,ACCELERATING,false,0,3,0,8,0,,,14,9,29
357,2,4,1427,3,HIT_MUD,false,0,4,0,8,0,,,14,9,26
358,2,4,1430,3,ACCELERATING,false,0,4,0,8,0,,,14,9,26
359,2,4,1433,3,ACCELERATING,false,0,4,0,8,0,,,14,9,26
360,2,4,1436,0,HIT_MUD,false,0,5,0,8,0,,,14,9,23
361,2,4,1436,0,FIXED_CAR,false,0,3,0,8,0,,,14,9,23
362,2,4,1439,3,HIT_MUD,false,0,4,0,8,1,,,14,9,24
363,2,4,1442,3,ACCELERATING,false,0,4,0,8,1,,,14,9,24
364,2,4,1445,3,ACCELERATING,false,0,4,0,8,1,,,14,9,24
365,2,4,1448,3,ACCELERATING,false,0,4,0,8,1,,,14,9,24
366,2,4,1451,0,HIT_MUD,false,0,5,0,8,1,,,14,9,21
367,2,4,1451,0,FIXED_CAR,false,0,3,0,8,1,,,14,9,21
368,2,4,1454,3,ACCELERATING,false,0,3,0,8,1,,,14,9,21
369,2,4,1460,6,ACCELERATING,false,0,3,0,8,1,,,14,9,21
370,2,4,1466,6,ACCELERATING,false,0,3,0,8,1,,,14,9,21
371,2,4,1472,6,ACCELERATING,false,0,3,0,8,1,,,14,9,21
372,2,4,1478,6,ACCELERATING,false,0,3,0,8,1,,,14,9,21
373,2,4,1484,6,ACCELERATING,false,0,3,0,8,1,,,14,9,21
374,2,4,1490,6,ACCELERATING,false,0,3,0,9,1,,,14,9,25
375,2,4,1496,6,ACCELERATING,false,0,3,1,9,1,,,14,9,29
